<server description="Sample Liberty server">

  <featureManager>
    <feature>jaxrs-2.1</feature>
    <feature>cdi-2.0</feature>
    <feature>jsonp-1.1</feature>
    <feature>mpConfig-1.3</feature>
    <feature>appSecurity-3.0</feature>
  </featureManager>

  <httpEndpoint host="*" httpPort="${default.http.port}" httpsPort="${default.https.port}" id="defaultHttpEndpoint"/>

  <webApplication location="system.war" contextRoot="/"/>

  <basicRegistry id="basic" realm="BasicRegistry">
    <user name="bob" password="bobpwd" />
  </basicRegistry>
</server>
